query_id,category,system,rank,score,candidate_id
software_engineering,Software Engineering,BGE-M3,1,0.7445,82cbd116-e908-5c54-a90b-e7cf2f621fc0
software_engineering,Software Engineering,BGE-M3,2,0.7443,15c513f0-dda8-5bdd-8ad6-8abf782579b2
software_engineering,Software Engineering,BGE-M3,3,0.7157,f01bc64d-4fd3-5034-b980-e4fbebe9e128
software_engineering,Software Engineering,BGE-M3,4,0.7099,019c99d1-bd1d-5a13-9c35-71d8d459d594
software_engineering,Software Engineering,BGE-M3,5,0.708,0f4efd28-feee-582b-bf9e-96e5deb6e639
software_engineering,Software Engineering,BGE-M3,6,0.705,3f4bfcd8-49c8-575c-974d-ffdec82c4d36
software_engineering,Software Engineering,BGE-M3,7,0.7027,9d33e3d9-2b6f-57b9-87e1-b4f2c86e7e6f
software_engineering,Software Engineering,BGE-M3,8,0.7005,9ddc5a2e-4211-5ab0-9034-eb5f7fa2d5c7
software_engineering,Software Engineering,BGE-M3,9,0.698,4ae332b1-8a27-568b-9fc3-cdc770ee7c40
software_engineering,Software Engineering,BGE-M3,10,0.698,15d0a9aa-babe-5416-804c-2029463a1b28
software_engineering,Software Engineering,multilingual-e5-large,1,0.8788,bad700a2-b017-5b6f-8518-7075f6b3de90
software_engineering,Software Engineering,multilingual-e5-large,2,0.8768,04a8854a-8a88-5494-9b8e-549ff1e98c70
software_engineering,Software Engineering,multilingual-e5-large,3,0.8755,82cbd116-e908-5c54-a90b-e7cf2f621fc0
software_engineering,Software Engineering,multilingual-e5-large,4,0.8754,364bea08-3eb3-52af-a7a8-9f7e637ab93e
software_engineering,Software Engineering,multilingual-e5-large,5,0.8739,843cea50-1400-5b2d-aefb-5fa694915a0d
software_engineering,Software Engineering,multilingual-e5-large,6,0.8738,dd4a4769-af2b-5269-8b62-949a6f538bd8
software_engineering,Software Engineering,multilingual-e5-large,7,0.8737,7f8c3bca-9bd0-5cb3-9a18-ea0af16def83
software_engineering,Software Engineering,multilingual-e5-large,8,0.8732,b490aa41-de50-5403-a868-8bf093d955e1
software_engineering,Software Engineering,multilingual-e5-large,9,0.8721,0b4eafce-04fb-53bb-8eef-45178553c923
software_engineering,Software Engineering,multilingual-e5-large,10,0.8716,7ee6b911-b07e-5fe1-9bc2-bc47c8bcf558
software_engineering,Software Engineering,MXBAI,1,0.8096,daafc10a-bbdf-5670-ac35-99560b607a4f
software_engineering,Software Engineering,MXBAI,2,0.8042,7f8c3bca-9bd0-5cb3-9a18-ea0af16def83
software_engineering,Software Engineering,MXBAI,3,0.792,410b741d-98f7-5690-8931-024d23e17b89
software_engineering,Software Engineering,MXBAI,4,0.79,fa2bcf46-ed19-5051-9bd2-3b687f78efa3
software_engineering,Software Engineering,MXBAI,5,0.7891,9a0dcd25-d013-59ac-83a3-20209f515685
software_engineering,Software Engineering,MXBAI,6,0.7886,364bea08-3eb3-52af-a7a8-9f7e637ab93e
software_engineering,Software Engineering,MXBAI,7,0.7856,072bea04-14eb-5f02-b290-c70edafc4a33
software_engineering,Software Engineering,MXBAI,8,0.7852,0b4eafce-04fb-53bb-8eef-45178553c923
software_engineering,Software Engineering,MXBAI,9,0.7827,13b2aef0-0ea3-5297-8819-8ecfa82c6193
software_engineering,Software Engineering,MXBAI,10,0.7812,a0e35bce-2b45-5b53-a260-5be966802ba1
software_engineering,Software Engineering,BM25Plus,1,64.311,c68bf2df-ffc6-59b2-934b-7d9b3e14bf8d
software_engineering,Software Engineering,BM25Plus,2,57.8279,76826f63-a23e-5f2c-8c96-88ceeff64a89
software_engineering,Software Engineering,BM25Plus,3,55.8549,9a0dcd25-d013-59ac-83a3-20209f515685
software_engineering,Software Engineering,BM25Plus,4,55.7754,1e5f1ce4-ea24-5d96-b5c7-2f4ad190fa5a
software_engineering,Software Engineering,BM25Plus,5,54.9313,ca9789a6-b4e7-5675-93d7-861a48bfc2ae
software_engineering,Software Engineering,BM25Plus,6,54.8745,d901735d-5243-5e03-8239-9035bb5bc991
software_engineering,Software Engineering,BM25Plus,7,54.7516,e38c9a46-bc08-5066-b25a-00a387320c8c
software_engineering,Software Engineering,BM25Plus,8,54.7503,2efc49e2-6eff-5088-9c57-d097f7bfcbdc
software_engineering,Software Engineering,BM25Plus,9,54.0373,7496a675-6553-572b-9c03-a169d73906a2
software_engineering,Software Engineering,BM25Plus,10,53.8962,8ab719aa-a70a-58de-9a6d-5a07c4361239
frontend_development,Frontend Development,BGE-M3,1,0.6709,00d8ca07-0a2d-56ef-b48c-323027f31328
frontend_development,Frontend Development,BGE-M3,2,0.6658,0d79a0d5-977c-5687-9383-0b8fa78fa81a
frontend_development,Frontend Development,BGE-M3,3,0.657,a03d85b9-7b18-5677-a35d-1b46c2e2c677
frontend_development,Frontend Development,BGE-M3,4,0.6561,3d68a47d-98c7-5a59-b138-d3e5f56f2a4d
frontend_development,Frontend Development,BGE-M3,5,0.6544,62d5c726-4d1f-535e-9d54-7d7e99e33ac0
frontend_development,Frontend Development,BGE-M3,6,0.6523,26dd86af-fe6c-57bb-b694-114e550cca9f
frontend_development,Frontend Development,BGE-M3,7,0.652,e2092ad6-e3f8-5d0a-b2de-9ed303a693ae
frontend_development,Frontend Development,BGE-M3,8,0.6499,5783dac0-9c32-5e71-be35-c3a950418e75
frontend_development,Frontend Development,BGE-M3,9,0.6483,dbc0eff1-b2f9-5036-8277-b43b27e28e82
frontend_development,Frontend Development,BGE-M3,10,0.6459,a163dfec-3e37-5bc8-aa39-1f61110d1b3c
frontend_development,Frontend Development,multilingual-e5-large,1,0.8875,95c00cec-e0ff-51dd-9a39-0e2342f4f270
frontend_development,Frontend Development,multilingual-e5-large,2,0.887,00d8ca07-0a2d-56ef-b48c-323027f31328
frontend_development,Frontend Development,multilingual-e5-large,3,0.8844,0d79a0d5-977c-5687-9383-0b8fa78fa81a
frontend_development,Frontend Development,multilingual-e5-large,4,0.884,3d68a47d-98c7-5a59-b138-d3e5f56f2a4d
frontend_development,Frontend Development,multilingual-e5-large,5,0.8807,73e49980-5e77-58a1-98cd-5b7fa1fd2b65
frontend_development,Frontend Development,multilingual-e5-large,6,0.8749,cf6a8867-34c2-5d41-a484-6d62e41471e9
frontend_development,Frontend Development,multilingual-e5-large,7,0.8749,8494cf08-219c-5390-b7d0-2e1e3e0623e5
frontend_development,Frontend Development,multilingual-e5-large,8,0.8745,62d5c726-4d1f-535e-9d54-7d7e99e33ac0
frontend_development,Frontend Development,multilingual-e5-large,9,0.8736,c240b0b9-f867-51d8-80d6-1877690618b6
frontend_development,Frontend Development,multilingual-e5-large,10,0.8733,0b888399-f8ee-5ea6-80db-2f841e037c18
frontend_development,Frontend Development,MXBAI,1,0.7651,2d4972b8-6829-5099-a66d-64fa4b2fdbdd
frontend_development,Frontend Development,MXBAI,2,0.7563,e73c9a56-a2e6-5b81-bd7c-4d264d6d66e5
frontend_development,Frontend Development,MXBAI,3,0.7461,00d8ca07-0a2d-56ef-b48c-323027f31328
frontend_development,Frontend Development,MXBAI,4,0.7451,50114eff-903c-5a6b-98f7-4e793a5671e9
frontend_development,Frontend Development,MXBAI,5,0.7446,bd65e5e5-1657-561b-8128-c085a647be28
frontend_development,Frontend Development,MXBAI,6,0.7432,e2092ad6-e3f8-5d0a-b2de-9ed303a693ae
frontend_development,Frontend Development,MXBAI,7,0.7427,6897a989-a6c1-5537-b5af-a760bf60f45e
frontend_development,Frontend Development,MXBAI,8,0.7412,86f0e975-ae3a-559b-ace9-c3823701557d
frontend_development,Frontend Development,MXBAI,9,0.7402,382e0f8f-eec9-5b50-ab0b-c76cd7f1a555
frontend_development,Frontend Development,MXBAI,10,0.7393,752a2335-1d92-5fd3-9192-84f61426604a
frontend_development,Frontend Development,BM25Plus,1,74.9797,547abbc4-d78c-5785-880d-1898950e2cae
frontend_development,Frontend Development,BM25Plus,2,74.1579,86f0e975-ae3a-559b-ace9-c3823701557d
frontend_development,Frontend Development,BM25Plus,3,70.8662,e2092ad6-e3f8-5d0a-b2de-9ed303a693ae
frontend_development,Frontend Development,BM25Plus,4,70.7394,bd65e5e5-1657-561b-8128-c085a647be28
frontend_development,Frontend Development,BM25Plus,5,69.9434,392f8d11-cbfa-59d9-a873-b1be64725880
frontend_development,Frontend Development,BM25Plus,6,68.9611,94ffe4ad-2f29-572f-8228-2866bdf3ee2c
frontend_development,Frontend Development,BM25Plus,7,67.7339,5690b76a-cfb7-5d0f-ab85-e24fb171beb0
frontend_development,Frontend Development,BM25Plus,8,66.5493,62d5c726-4d1f-535e-9d54-7d7e99e33ac0
frontend_development,Frontend Development,BM25Plus,9,66.2777,478a8d53-ec4c-59d3-9bd0-9d4641030e5c
frontend_development,Frontend Development,BM25Plus,10,66.035,3d272fec-7db1-52a9-be66-31727c80c340
machine_learning_ai,Machine Learning / AI,BGE-M3,1,0.6079,ea0ef98e-8984-5009-bfb3-61106ac31abb
machine_learning_ai,Machine Learning / AI,BGE-M3,2,0.6069,31f191e1-682a-5ccc-a87f-b7c6e90fdae6
machine_learning_ai,Machine Learning / AI,BGE-M3,3,0.6069,04a8b47c-134a-5595-8c08-c8b0377dcddc
machine_learning_ai,Machine Learning / AI,BGE-M3,4,0.6053,00b3a663-66ca-5a47-bccd-ffd91b14bcb7
machine_learning_ai,Machine Learning / AI,BGE-M3,5,0.5923,5f4bbc64-3b55-55c5-8856-e5fda5ae58f8
machine_learning_ai,Machine Learning / AI,BGE-M3,6,0.5817,edce73cc-c08f-5f31-9ae9-802c4a657656
machine_learning_ai,Machine Learning / AI,BGE-M3,7,0.5812,e53f43e9-1c6e-593e-8697-47dd9d3bf407
machine_learning_ai,Machine Learning / AI,BGE-M3,8,0.581,4f2639bc-ead8-5315-bdab-06a8c89d55b2
machine_learning_ai,Machine Learning / AI,BGE-M3,9,0.5784,48b2306c-87e0-5539-b1bb-55d47d8a704b
machine_learning_ai,Machine Learning / AI,BGE-M3,10,0.5766,54b4637a-74a4-52f3-bfef-fbd6adce8388
machine_learning_ai,Machine Learning / AI,multilingual-e5-large,1,0.8677,21576a1a-66a3-52c7-a72b-25e94443ebf5
machine_learning_ai,Machine Learning / AI,multilingual-e5-large,2,0.8646,f33ef78f-9440-5c03-8c04-ba6df346cd6d
machine_learning_ai,Machine Learning / AI,multilingual-e5-large,3,0.8631,00b3a663-66ca-5a47-bccd-ffd91b14bcb7
machine_learning_ai,Machine Learning / AI,multilingual-e5-large,4,0.8617,f26db4db-e030-575c-81ff-701caf278082
machine_learning_ai,Machine Learning / AI,multilingual-e5-large,5,0.8584,a3f5c60c-03f5-543d-88fa-45ae03e2ee6a
machine_learning_ai,Machine Learning / AI,multilingual-e5-large,6,0.8579,94383fa3-38de-522d-a70a-45891f8e25c3
machine_learning_ai,Machine Learning / AI,multilingual-e5-large,7,0.8578,4b89d940-3b7e-5ad0-b6e3-dad9da31dcde
machine_learning_ai,Machine Learning / AI,multilingual-e5-large,8,0.8575,c497ff01-2363-5c69-b80d-0c1bdd15141c
machine_learning_ai,Machine Learning / AI,multilingual-e5-large,9,0.8556,dd3247b6-7ec3-5880-8236-250f4884beb3
machine_learning_ai,Machine Learning / AI,multilingual-e5-large,10,0.8556,d32bdaab-c16f-597d-9da4-e49498ef2bc4
machine_learning_ai,Machine Learning / AI,MXBAI,1,0.7466,c497ff01-2363-5c69-b80d-0c1bdd15141c
machine_learning_ai,Machine Learning / AI,MXBAI,2,0.7437,9a739623-c293-5917-9f8c-e1b3f15e9027
machine_learning_ai,Machine Learning / AI,MXBAI,3,0.7407,54b4637a-74a4-52f3-bfef-fbd6adce8388
machine_learning_ai,Machine Learning / AI,MXBAI,4,0.7397,78fee2bb-b8fe-56f3-9abe-b015e2740442
machine_learning_ai,Machine Learning / AI,MXBAI,5,0.7397,48efc621-4742-51b2-9fcb-a1ae9cc1da29
machine_learning_ai,Machine Learning / AI,MXBAI,6,0.7368,2450d78e-a4b7-5877-b1aa-2720144f516e
machine_learning_ai,Machine Learning / AI,MXBAI,7,0.7305,a3f5c60c-03f5-543d-88fa-45ae03e2ee6a
machine_learning_ai,Machine Learning / AI,MXBAI,8,0.7251,445658a4-15c9-5f81-be50-0a3c1cdeafd9
machine_learning_ai,Machine Learning / AI,MXBAI,9,0.7227,dae61ef4-5d46-5e13-9b2d-87033336ebb9
machine_learning_ai,Machine Learning / AI,MXBAI,10,0.7192,d21c7365-53f6-5484-a05b-95749b553632
machine_learning_ai,Machine Learning / AI,BM25Plus,1,86.6504,a3f5c60c-03f5-543d-88fa-45ae03e2ee6a
machine_learning_ai,Machine Learning / AI,BM25Plus,2,86.2197,00b3a663-66ca-5a47-bccd-ffd91b14bcb7
machine_learning_ai,Machine Learning / AI,BM25Plus,3,82.9186,9d1c48bf-f72c-5974-a0db-5e7bfc420ee2
machine_learning_ai,Machine Learning / AI,BM25Plus,4,76.9698,179b7847-3f1e-56e5-a9a2-6ef308b434ca
machine_learning_ai,Machine Learning / AI,BM25Plus,5,74.7986,54b4637a-74a4-52f3-bfef-fbd6adce8388
machine_learning_ai,Machine Learning / AI,BM25Plus,6,74.6687,5cd4c26b-7cb7-5745-922f-2c05d659e618
machine_learning_ai,Machine Learning / AI,BM25Plus,7,73.2803,77d2cdd4-31ef-5cb9-b430-274f20699b16
machine_learning_ai,Machine Learning / AI,BM25Plus,8,73.0941,f57fc04b-41d3-549a-84ec-9368306357a3
machine_learning_ai,Machine Learning / AI,BM25Plus,9,72.6631,dae61ef4-5d46-5e13-9b2d-87033336ebb9
machine_learning_ai,Machine Learning / AI,BM25Plus,10,71.7037,d20e8029-3adc-50ec-a0b3-9c7540bee660
cybersecurity,Cybersecurity,BGE-M3,1,0.6856,5efd01f9-fc7c-5994-9637-4e901e8d7e40
cybersecurity,Cybersecurity,BGE-M3,2,0.6698,89c03e6a-29f1-501c-896e-4b306d2e1ec1
cybersecurity,Cybersecurity,BGE-M3,3,0.6633,5511c095-6d90-5eea-b8e4-caf91254ca76
cybersecurity,Cybersecurity,BGE-M3,4,0.6499,a090aa8a-9956-50bf-98f3-eaa0c342868a
cybersecurity,Cybersecurity,BGE-M3,5,0.6419,5c1d576e-ea47-5a0a-8da2-a7d941b18c18
cybersecurity,Cybersecurity,BGE-M3,6,0.6403,e039d3de-6948-5678-bedc-b35c350cc2ab
cybersecurity,Cybersecurity,BGE-M3,7,0.6401,9f35153a-388d-59ad-946c-aeb4a8a8631c
cybersecurity,Cybersecurity,BGE-M3,8,0.6342,f71ea30b-6f2b-59cd-b519-263d5c92cc76
cybersecurity,Cybersecurity,BGE-M3,9,0.6304,f21320eb-63d7-5a25-b2c1-2e721843c46e
cybersecurity,Cybersecurity,BGE-M3,10,0.6286,0fff465e-cccb-5f1c-939d-5cf2fc6821e2
cybersecurity,Cybersecurity,multilingual-e5-large,1,0.8748,a090aa8a-9956-50bf-98f3-eaa0c342868a
cybersecurity,Cybersecurity,multilingual-e5-large,2,0.864,9f35153a-388d-59ad-946c-aeb4a8a8631c
cybersecurity,Cybersecurity,multilingual-e5-large,3,0.8629,5efd01f9-fc7c-5994-9637-4e901e8d7e40
cybersecurity,Cybersecurity,multilingual-e5-large,4,0.8589,e01e5ab0-2237-5e8d-8273-9cfe78c1c2e4
cybersecurity,Cybersecurity,multilingual-e5-large,5,0.8554,5c1d576e-ea47-5a0a-8da2-a7d941b18c18
cybersecurity,Cybersecurity,multilingual-e5-large,6,0.8551,368076f5-b343-5901-b32d-9ab0ac3f4763
cybersecurity,Cybersecurity,multilingual-e5-large,7,0.8548,2630b4ed-c956-5158-86d1-1e353c5113a0
cybersecurity,Cybersecurity,multilingual-e5-large,8,0.8497,3b426027-7adb-5d03-8e85-6bac07e8bcb2
cybersecurity,Cybersecurity,multilingual-e5-large,9,0.8488,31289259-20e5-50a4-82c1-cb8fe6cffd17
cybersecurity,Cybersecurity,multilingual-e5-large,10,0.8481,5511c095-6d90-5eea-b8e4-caf91254ca76
cybersecurity,Cybersecurity,MXBAI,1,0.7695,5efd01f9-fc7c-5994-9637-4e901e8d7e40
cybersecurity,Cybersecurity,MXBAI,2,0.7534,2630b4ed-c956-5158-86d1-1e353c5113a0
cybersecurity,Cybersecurity,MXBAI,3,0.7441,a090aa8a-9956-50bf-98f3-eaa0c342868a
cybersecurity,Cybersecurity,MXBAI,4,0.7305,368076f5-b343-5901-b32d-9ab0ac3f4763
cybersecurity,Cybersecurity,MXBAI,5,0.7192,5511c095-6d90-5eea-b8e4-caf91254ca76
cybersecurity,Cybersecurity,MXBAI,6,0.7129,3b426027-7adb-5d03-8e85-6bac07e8bcb2
cybersecurity,Cybersecurity,MXBAI,7,0.7085,febf1ec0-3814-5387-a454-a567675ca58d
cybersecurity,Cybersecurity,MXBAI,8,0.7065,1409be59-0aed-5cd4-96ec-4295af6ab10e
cybersecurity,Cybersecurity,MXBAI,9,0.6992,be3157fb-9d77-58f9-83b2-c364b7356c3c
cybersecurity,Cybersecurity,MXBAI,10,0.6982,5f37270e-2a04-58b3-81d3-58b5f29c3f95
cybersecurity,Cybersecurity,BM25Plus,1,88.9986,5efd01f9-fc7c-5994-9637-4e901e8d7e40
cybersecurity,Cybersecurity,BM25Plus,2,82.7333,2630b4ed-c956-5158-86d1-1e353c5113a0
cybersecurity,Cybersecurity,BM25Plus,3,80.7641,3b426027-7adb-5d03-8e85-6bac07e8bcb2
cybersecurity,Cybersecurity,BM25Plus,4,79.8471,2f1db346-391a-54de-b0de-dc8c9d414a6a
cybersecurity,Cybersecurity,BM25Plus,5,78.4753,a424c9d2-7e0c-5ab6-a5f4-87b4797a96d9
cybersecurity,Cybersecurity,BM25Plus,6,77.9194,a090aa8a-9956-50bf-98f3-eaa0c342868a
cybersecurity,Cybersecurity,BM25Plus,7,76.5998,1c3a62dd-7c6c-57b8-b6d3-867a6f386e5b
cybersecurity,Cybersecurity,BM25Plus,8,72.0493,99245de6-e725-5424-9b1e-b7082a0bbc3f
cybersecurity,Cybersecurity,BM25Plus,9,69.8953,ddb7707d-6b23-5b89-ab86-71a2095e2f21
cybersecurity,Cybersecurity,BM25Plus,10,69.6309,368076f5-b343-5901-b32d-9ab0ac3f4763
legal_compliance,Legal / Compliance,BGE-M3,1,0.7059,88da5044-0091-516f-aa85-64530df210bf
legal_compliance,Legal / Compliance,BGE-M3,2,0.6992,d4992394-a605-597a-b7f8-e417c8247f38
legal_compliance,Legal / Compliance,BGE-M3,3,0.6688,5378a63d-c05d-57d6-bd56-cdcd3f88bb24
legal_compliance,Legal / Compliance,BGE-M3,4,0.6653,541a0dd9-7d4f-56d9-9523-61bc45ea5e25
legal_compliance,Legal / Compliance,BGE-M3,5,0.6627,1f08270a-7ff1-5e65-81e6-fc214de38785
legal_compliance,Legal / Compliance,BGE-M3,6,0.6607,44959096-2d49-5e91-bec2-6dba11138af7
legal_compliance,Legal / Compliance,BGE-M3,7,0.659,4bd87a33-4dc4-5dba-b661-d1d1943e69d0
legal_compliance,Legal / Compliance,BGE-M3,8,0.655,f5a47c5a-055b-5999-a648-aac8ea1f868b
legal_compliance,Legal / Compliance,BGE-M3,9,0.6548,9ca900fd-920e-5193-9c21-10f762a34389
legal_compliance,Legal / Compliance,BGE-M3,10,0.6477,8f1b0036-8c72-5a8a-8c18-b640533bd59b
legal_compliance,Legal / Compliance,multilingual-e5-large,1,0.8688,478e77f3-002a-5625-a6ef-7d66e43d98e3
legal_compliance,Legal / Compliance,multilingual-e5-large,2,0.8669,5378a63d-c05d-57d6-bd56-cdcd3f88bb24
legal_compliance,Legal / Compliance,multilingual-e5-large,3,0.8644,7d9d42aa-a644-5747-957e-6b5bd5667822
legal_compliance,Legal / Compliance,multilingual-e5-large,4,0.854,88da5044-0091-516f-aa85-64530df210bf
legal_compliance,Legal / Compliance,multilingual-e5-large,5,0.8539,8f1b0036-8c72-5a8a-8c18-b640533bd59b
legal_compliance,Legal / Compliance,multilingual-e5-large,6,0.8526,f5a47c5a-055b-5999-a648-aac8ea1f868b
legal_compliance,Legal / Compliance,multilingual-e5-large,7,0.8514,bc893fa2-87db-540c-b869-0bbaee960fa5
legal_compliance,Legal / Compliance,multilingual-e5-large,8,0.8507,d4992394-a605-597a-b7f8-e417c8247f38
legal_compliance,Legal / Compliance,multilingual-e5-large,9,0.8482,fd838a77-a6ee-59b7-b550-ca73360cd0ea
legal_compliance,Legal / Compliance,multilingual-e5-large,10,0.8446,541a0dd9-7d4f-56d9-9523-61bc45ea5e25
legal_compliance,Legal / Compliance,MXBAI,1,0.7461,88da5044-0091-516f-aa85-64530df210bf
legal_compliance,Legal / Compliance,MXBAI,2,0.7393,5378a63d-c05d-57d6-bd56-cdcd3f88bb24
legal_compliance,Legal / Compliance,MXBAI,3,0.729,d4992394-a605-597a-b7f8-e417c8247f38
legal_compliance,Legal / Compliance,MXBAI,4,0.7119,541a0dd9-7d4f-56d9-9523-61bc45ea5e25
legal_compliance,Legal / Compliance,MXBAI,5,0.7056,52c51f7b-5b73-5ee2-8085-b35cda1202d4
legal_compliance,Legal / Compliance,MXBAI,6,0.7056,f26c03e9-cb38-57a9-889e-649f64c8cc81
legal_compliance,Legal / Compliance,MXBAI,7,0.7012,478e77f3-002a-5625-a6ef-7d66e43d98e3
legal_compliance,Legal / Compliance,MXBAI,8,0.6992,8f1b0036-8c72-5a8a-8c18-b640533bd59b
legal_compliance,Legal / Compliance,MXBAI,9,0.6978,3b410df7-9ce3-594a-aa75-a32e6841a01f
legal_compliance,Legal / Compliance,MXBAI,10,0.6909,09ffe9e7-41f5-5b15-adcd-c0f4a2147623
legal_compliance,Legal / Compliance,BM25Plus,1,81.4517,d4992394-a605-597a-b7f8-e417c8247f38
legal_compliance,Legal / Compliance,BM25Plus,2,72.0526,b953f04e-359c-513c-ba47-af54b131171c
legal_compliance,Legal / Compliance,BM25Plus,3,71.9674,478e77f3-002a-5625-a6ef-7d66e43d98e3
legal_compliance,Legal / Compliance,BM25Plus,4,70.1507,88da5044-0091-516f-aa85-64530df210bf
legal_compliance,Legal / Compliance,BM25Plus,5,69.1927,f5a47c5a-055b-5999-a648-aac8ea1f868b
legal_compliance,Legal / Compliance,BM25Plus,6,68.9742,52c51f7b-5b73-5ee2-8085-b35cda1202d4
legal_compliance,Legal / Compliance,BM25Plus,7,66.5512,4a433fab-70a9-5a1c-993a-68e36d7b1e75
legal_compliance,Legal / Compliance,BM25Plus,8,65.9252,541a0dd9-7d4f-56d9-9523-61bc45ea5e25
legal_compliance,Legal / Compliance,BM25Plus,9,65.5327,7d9d42aa-a644-5747-957e-6b5bd5667822
legal_compliance,Legal / Compliance,BM25Plus,10,65.5184,57370b5c-09bd-50dc-be90-7908afb51a0f
project_management,Project Management,BGE-M3,1,0.7243,45ac3f63-957d-5dca-9069-de9683951850
project_management,Project Management,BGE-M3,2,0.708,854a8dfe-1167-5e09-8bf9-543c11304ff3
project_management,Project Management,BGE-M3,3,0.7063,1385b0ee-affb-5d34-9ffb-02c832136a6a
project_management,Project Management,BGE-M3,4,0.6991,6950c9c1-2875-5a91-ade9-3c4cf8bf7a46
project_management,Project Management,BGE-M3,5,0.6914,35e93f6e-952e-50f3-abf8-f11be9fd038e
project_management,Project Management,BGE-M3,6,0.6844,eeadcc57-10a4-5b65-b9b2-ed6543717065
project_management,Project Management,BGE-M3,7,0.6767,16e313bc-190d-510e-add2-d8b8b6c6a192
project_management,Project Management,BGE-M3,8,0.6704,d258693d-a005-529b-b0d2-a24a53185aa3
project_management,Project Management,BGE-M3,9,0.668,516ad20a-485b-59d8-988c-a79d7a813a80
project_management,Project Management,BGE-M3,10,0.6664,6934927f-1986-546b-985e-4585bac62876
project_management,Project Management,multilingual-e5-large,1,0.8644,45ac3f63-957d-5dca-9069-de9683951850
project_management,Project Management,multilingual-e5-large,2,0.8627,854a8dfe-1167-5e09-8bf9-543c11304ff3
project_management,Project Management,multilingual-e5-large,3,0.8625,6950c9c1-2875-5a91-ade9-3c4cf8bf7a46
project_management,Project Management,multilingual-e5-large,4,0.8619,98b04f10-318e-5cef-a001-e18650e87128
project_management,Project Management,multilingual-e5-large,5,0.8617,4e978dc1-bd9f-5589-8869-85a612cbdedf
project_management,Project Management,multilingual-e5-large,6,0.8613,1385b0ee-affb-5d34-9ffb-02c832136a6a
project_management,Project Management,multilingual-e5-large,7,0.8605,16e313bc-190d-510e-add2-d8b8b6c6a192
project_management,Project Management,multilingual-e5-large,8,0.8605,4ecd9cc0-accb-5a13-b7fc-d306e14a4de2
project_management,Project Management,multilingual-e5-large,9,0.8593,7b45a37c-0b67-518b-929e-7e5284a2cfa6
project_management,Project Management,multilingual-e5-large,10,0.8592,7e797c09-e7b8-5e66-be8f-84c5ef9aba21
project_management,Project Management,MXBAI,1,0.8037,854a8dfe-1167-5e09-8bf9-543c11304ff3
project_management,Project Management,MXBAI,2,0.7881,45ac3f63-957d-5dca-9069-de9683951850
project_management,Project Management,MXBAI,3,0.7817,3fba3850-4d89-5d61-838c-56a59e5ac0f1
project_management,Project Management,MXBAI,4,0.7798,75213184-85d1-5cd8-bff2-41c867110024
project_management,Project Management,MXBAI,5,0.7788,37c07ef0-fc33-5838-a987-dec7caf8aa38
project_management,Project Management,MXBAI,6,0.7749,16e313bc-190d-510e-add2-d8b8b6c6a192
project_management,Project Management,MXBAI,7,0.7739,d9528ca6-ee33-5c68-b49a-945ff97d2e0a
project_management,Project Management,MXBAI,8,0.7725,1385b0ee-affb-5d34-9ffb-02c832136a6a
project_management,Project Management,MXBAI,9,0.7695,35e93f6e-952e-50f3-abf8-f11be9fd038e
project_management,Project Management,MXBAI,10,0.7646,a2344275-9f6e-55ec-bb26-23b90dd4f409
project_management,Project Management,BM25Plus,1,45.78,2814f786-38c1-54fb-be13-1794ea5c38f3
project_management,Project Management,BM25Plus,2,44.8273,1e7621dc-335a-5f72-b984-f16582710b32
project_management,Project Management,BM25Plus,3,44.2808,e5bb8230-c1b0-5fc9-baaa-f8ef3f57a49f
project_management,Project Management,BM25Plus,4,43.8673,93bd5367-deed-53eb-959d-2ba7751758e3
project_management,Project Management,BM25Plus,5,43.488,bca73ea0-0adf-55ea-92a1-d81c2d4d67a4
project_management,Project Management,BM25Plus,6,43.4776,438c07cb-e47e-54d8-b8fa-f0fd5f2c6fd0
project_management,Project Management,BM25Plus,7,43.3312,98c0bc1c-fce5-577e-9af0-3f6f277b6556
project_management,Project Management,BM25Plus,8,43.2538,856a9684-6037-5aa1-af05-c61d244d2053
project_management,Project Management,BM25Plus,9,43.1178,49b0d29b-e2a1-586f-98b8-acadec8e32cc
project_management,Project Management,BM25Plus,10,43.0566,fe507357-2c53-5092-97ec-3d5d47d88b3a
hr_recruitment,HR / Recruitment,BGE-M3,1,0.6496,151c53de-c675-5061-ab64-b63171188b3c
hr_recruitment,HR / Recruitment,BGE-M3,2,0.6334,7c3bfead-3444-5da0-9667-719fcaacf1e1
hr_recruitment,HR / Recruitment,BGE-M3,3,0.6248,7d57d844-6743-55a3-a29d-7912e79e1782
hr_recruitment,HR / Recruitment,BGE-M3,4,0.6222,29bed727-3318-5005-ae23-93755c7da5cb
hr_recruitment,HR / Recruitment,BGE-M3,5,0.6145,d99857d4-9926-5701-8034-0e254f2f5954
hr_recruitment,HR / Recruitment,BGE-M3,6,0.6126,a38eb0e4-6402-5144-99b8-c83869551fec
hr_recruitment,HR / Recruitment,BGE-M3,7,0.6117,2058cbd6-2845-5cbc-987c-57a6e63d654b
hr_recruitment,HR / Recruitment,BGE-M3,8,0.6105,680b7033-c804-587b-9303-79bdca6f052d
hr_recruitment,HR / Recruitment,BGE-M3,9,0.6104,f30da64f-36cd-5144-aa34-cec6026bb3f0
hr_recruitment,HR / Recruitment,BGE-M3,10,0.6083,3fad5dc0-63f9-525e-857d-4eb5ccea2159
hr_recruitment,HR / Recruitment,multilingual-e5-large,1,0.8546,151c53de-c675-5061-ab64-b63171188b3c
hr_recruitment,HR / Recruitment,multilingual-e5-large,2,0.851,44f33b30-1004-5bc9-80fd-93a768c2c1da
hr_recruitment,HR / Recruitment,multilingual-e5-large,3,0.8507,a7e1cf16-0f03-5fd8-be62-1db177c7647e
hr_recruitment,HR / Recruitment,multilingual-e5-large,4,0.8488,680b7033-c804-587b-9303-79bdca6f052d
hr_recruitment,HR / Recruitment,multilingual-e5-large,5,0.8484,7d57d844-6743-55a3-a29d-7912e79e1782
hr_recruitment,HR / Recruitment,multilingual-e5-large,6,0.8481,f3650411-8fce-5596-aa9d-a48a36ded390
hr_recruitment,HR / Recruitment,multilingual-e5-large,7,0.8468,9816c912-f67e-5ea4-898d-3d947396bdb5
hr_recruitment,HR / Recruitment,multilingual-e5-large,8,0.8458,3fad5dc0-63f9-525e-857d-4eb5ccea2159
hr_recruitment,HR / Recruitment,multilingual-e5-large,9,0.8457,26f3cf50-9a27-592d-a37e-c6002537479e
hr_recruitment,HR / Recruitment,multilingual-e5-large,10,0.8455,63190ac9-b950-599d-856e-e4d1e2e860ec
hr_recruitment,HR / Recruitment,MXBAI,1,0.7573,3eff4eb3-090e-5579-8a50-721b0b711b66
hr_recruitment,HR / Recruitment,MXBAI,2,0.7397,26f3cf50-9a27-592d-a37e-c6002537479e
hr_recruitment,HR / Recruitment,MXBAI,3,0.7285,7c3bfead-3444-5da0-9667-719fcaacf1e1
hr_recruitment,HR / Recruitment,MXBAI,4,0.728,a7e1cf16-0f03-5fd8-be62-1db177c7647e
hr_recruitment,HR / Recruitment,MXBAI,5,0.7227,3fad5dc0-63f9-525e-857d-4eb5ccea2159
hr_recruitment,HR / Recruitment,MXBAI,6,0.7173,151c53de-c675-5061-ab64-b63171188b3c
hr_recruitment,HR / Recruitment,MXBAI,7,0.708,680b7033-c804-587b-9303-79bdca6f052d
hr_recruitment,HR / Recruitment,MXBAI,8,0.707,e36a3d6f-8161-5a2e-94de-250bfb94766b
hr_recruitment,HR / Recruitment,MXBAI,9,0.707,44f33b30-1004-5bc9-80fd-93a768c2c1da
hr_recruitment,HR / Recruitment,MXBAI,10,0.7046,2e9948ce-7c68-55ca-a8bd-3afaaaafdda7
hr_recruitment,HR / Recruitment,BM25Plus,1,81.706,e404e9c8-241d-5f45-86ec-feaf4e8ab25d
hr_recruitment,HR / Recruitment,BM25Plus,2,68.9734,f30da64f-36cd-5144-aa34-cec6026bb3f0
hr_recruitment,HR / Recruitment,BM25Plus,3,68.9379,c25da3f2-806c-5861-b9d4-1d6a0584e915
hr_recruitment,HR / Recruitment,BM25Plus,4,64.007,e36a3d6f-8161-5a2e-94de-250bfb94766b
hr_recruitment,HR / Recruitment,BM25Plus,5,58.7554,3eff4eb3-090e-5579-8a50-721b0b711b66
hr_recruitment,HR / Recruitment,BM25Plus,6,58.1588,3fad5dc0-63f9-525e-857d-4eb5ccea2159
hr_recruitment,HR / Recruitment,BM25Plus,7,57.3909,ce40e14d-b9a2-544b-bddd-e2a41c6258e1
hr_recruitment,HR / Recruitment,BM25Plus,8,57.0905,5b8eccee-3a13-50db-9f16-1996da73ff1b
hr_recruitment,HR / Recruitment,BM25Plus,9,56.5955,4882ddb5-a229-5979-832b-4a098c893bf0
hr_recruitment,HR / Recruitment,BM25Plus,10,56.1348,e2067e08-7f9d-54d8-bda2-8b0429824689
customer_support_success,Customer Support / Success,BGE-M3,1,0.7528,9751ab1b-eb55-5161-921d-7657b1073de7
customer_support_success,Customer Support / Success,BGE-M3,2,0.7222,73c69d01-b6d4-5955-931f-1412d814e1c3
customer_support_success,Customer Support / Success,BGE-M3,3,0.713,6b018149-98ae-5a7c-a8db-cc9babe69d0c
customer_support_success,Customer Support / Success,BGE-M3,4,0.7109,baa1e7fb-35ea-512a-ab7f-53fe7e625612
customer_support_success,Customer Support / Success,BGE-M3,5,0.7048,8c9eed3d-63a8-5017-948a-641b166709f1
customer_support_success,Customer Support / Success,BGE-M3,6,0.7024,19227239-8b85-59b1-9f04-ca6b4c5908ce
customer_support_success,Customer Support / Success,BGE-M3,7,0.7022,09e53d3b-fc8e-51f0-8636-78404de4f1ca
customer_support_success,Customer Support / Success,BGE-M3,8,0.6981,d8d97152-6b39-5436-9735-37f3bb2e118a
customer_support_success,Customer Support / Success,BGE-M3,9,0.6952,6a664ed6-afc2-5d16-baf9-33a823edc2fc
customer_support_success,Customer Support / Success,BGE-M3,10,0.6942,55825a7a-930c-59b4-87b9-1d1fa110bce4
customer_support_success,Customer Support / Success,multilingual-e5-large,1,0.8816,73c69d01-b6d4-5955-931f-1412d814e1c3
customer_support_success,Customer Support / Success,multilingual-e5-large,2,0.8806,baa1e7fb-35ea-512a-ab7f-53fe7e625612
customer_support_success,Customer Support / Success,multilingual-e5-large,3,0.8705,8c9eed3d-63a8-5017-948a-641b166709f1
customer_support_success,Customer Support / Success,multilingual-e5-large,4,0.8704,19227239-8b85-59b1-9f04-ca6b4c5908ce
customer_support_success,Customer Support / Success,multilingual-e5-large,5,0.8703,dc4e5796-530d-5261-b445-36d237ff3d4b
customer_support_success,Customer Support / Success,multilingual-e5-large,6,0.8678,b4164206-a8e2-5bd0-b5e9-d99b78993416
customer_support_success,Customer Support / Success,multilingual-e5-large,7,0.8677,3441d34a-7bbd-54fd-aca8-bb3036a9023f
customer_support_success,Customer Support / Success,multilingual-e5-large,8,0.8674,d8d97152-6b39-5436-9735-37f3bb2e118a
customer_support_success,Customer Support / Success,multilingual-e5-large,9,0.8673,e0601aeb-1c71-5416-8232-1e1e13a24a79
customer_support_success,Customer Support / Success,multilingual-e5-large,10,0.8673,0e47ed3c-2fb9-54c3-836c-92be00266f33
customer_support_success,Customer Support / Success,MXBAI,1,0.8643,baa1e7fb-35ea-512a-ab7f-53fe7e625612
customer_support_success,Customer Support / Success,MXBAI,2,0.8491,73c69d01-b6d4-5955-931f-1412d814e1c3
customer_support_success,Customer Support / Success,MXBAI,3,0.8335,3c4538a5-6633-5cfd-8944-0e1d516ed66c
customer_support_success,Customer Support / Success,MXBAI,4,0.8311,b4164206-a8e2-5bd0-b5e9-d99b78993416
customer_support_success,Customer Support / Success,MXBAI,5,0.8232,e62e99fa-0549-5d8f-a05e-b1cbac6da503
customer_support_success,Customer Support / Success,MXBAI,6,0.8193,dff2afd0-e38f-57a3-ba4e-57aa81815181
customer_support_success,Customer Support / Success,MXBAI,7,0.8179,dc4e5796-530d-5261-b445-36d237ff3d4b
customer_support_success,Customer Support / Success,MXBAI,8,0.8145,6b2636c1-852b-5e79-be9b-501e5d15cd1c
customer_support_success,Customer Support / Success,MXBAI,9,0.8115,0e47ed3c-2fb9-54c3-836c-92be00266f33
customer_support_success,Customer Support / Success,MXBAI,10,0.8096,efe6b756-1d0a-5916-b64e-4cfaaec4c1cd
customer_support_success,Customer Support / Success,BM25Plus,1,72.9838,73c69d01-b6d4-5955-931f-1412d814e1c3
customer_support_success,Customer Support / Success,BM25Plus,2,67.1618,dedb917a-87b6-5356-a4e3-86618a3f4967
customer_support_success,Customer Support / Success,BM25Plus,3,66.966,4d7bb4b6-5c73-59e7-8873-cdbf0c3b6730
customer_support_success,Customer Support / Success,BM25Plus,4,66.5306,6763f79c-9ae1-51b0-ae23-f6350f1d5400
customer_support_success,Customer Support / Success,BM25Plus,5,66.3413,9b147687-fff6-5929-a10a-00c323ebfe92
customer_support_success,Customer Support / Success,BM25Plus,6,64.6175,e52388b2-7681-54df-bb22-75af5aebfc08
customer_support_success,Customer Support / Success,BM25Plus,7,64.3032,9b615238-7baa-5be7-bab5-b12d599bb157
customer_support_success,Customer Support / Success,BM25Plus,8,64.1633,75bffdd9-27f1-5198-921a-2bdbe66178ce
customer_support_success,Customer Support / Success,BM25Plus,9,64.1451,1e1a53cb-d37b-599f-8174-3267b1ec0ce6
customer_support_success,Customer Support / Success,BM25Plus,10,64.0948,b4e020af-55a8-5a5d-92ff-2e9f0c8ebeef
marketing,Marketing,BGE-M3,1,0.6969,a780ff9a-f6c0-531e-8f4a-5dc2d4a60b39
marketing,Marketing,BGE-M3,2,0.6916,a25bb8f1-4347-522c-9a80-9bb54085744b
marketing,Marketing,BGE-M3,3,0.6912,4660f328-e305-5e8f-94f9-f31c11380dcd
marketing,Marketing,BGE-M3,4,0.6883,94b0b789-00c5-512b-af95-60929e6d53a8
marketing,Marketing,BGE-M3,5,0.6872,ea7b279e-71f6-599b-be5a-35cc420f2824
marketing,Marketing,BGE-M3,6,0.6845,86406fee-1e70-59e0-9d9d-cc23a9b1959a
marketing,Marketing,BGE-M3,7,0.6841,e403fab7-f82f-5d76-90d3-01f76f24ed0a
marketing,Marketing,BGE-M3,8,0.6826,b31909df-72fd-5c91-8fa0-03792917ed5a
marketing,Marketing,BGE-M3,9,0.6789,a1d4efb8-f77b-5a3a-a380-16009c7dc82f
marketing,Marketing,BGE-M3,10,0.676,c6bf0d90-3654-5e85-92a3-2380d64ef3d4
marketing,Marketing,multilingual-e5-large,1,0.8727,94b0b789-00c5-512b-af95-60929e6d53a8
marketing,Marketing,multilingual-e5-large,2,0.8694,2d6d79a0-4b81-58df-b2a3-cfa0132ed3a9
marketing,Marketing,multilingual-e5-large,3,0.8671,8cccfc02-e494-549e-8395-4ed78d44e20b
marketing,Marketing,multilingual-e5-large,4,0.8649,e0a97359-b496-5f0d-8266-25895e99324b
marketing,Marketing,multilingual-e5-large,5,0.863,b0214118-c165-51a8-878d-75b3a5d927b3
marketing,Marketing,multilingual-e5-large,6,0.8628,86406fee-1e70-59e0-9d9d-cc23a9b1959a
marketing,Marketing,multilingual-e5-large,7,0.8625,1f71bd85-23a3-52e1-8025-c41e2070e46d
marketing,Marketing,multilingual-e5-large,8,0.8623,bda133b2-e7a0-583a-bac9-95f00b508c67
marketing,Marketing,multilingual-e5-large,9,0.8618,ea7b279e-71f6-599b-be5a-35cc420f2824
marketing,Marketing,multilingual-e5-large,10,0.8612,ec11af78-9017-5921-a88c-53dbc96f7aaa
marketing,Marketing,MXBAI,1,0.792,9276c39a-fa28-5c68-bee1-19478521f9d1
marketing,Marketing,MXBAI,2,0.7856,a780ff9a-f6c0-531e-8f4a-5dc2d4a60b39
marketing,Marketing,MXBAI,3,0.7827,1d826193-1c2e-5369-8059-8a450233f35e
marketing,Marketing,MXBAI,4,0.7812,b0214118-c165-51a8-878d-75b3a5d927b3
marketing,Marketing,MXBAI,5,0.7788,78f6cce5-792c-50e5-8f4a-7d1d9c5d7513
marketing,Marketing,MXBAI,6,0.7729,a7dee940-8c17-54e8-9077-3957b8a53f31
marketing,Marketing,MXBAI,7,0.772,8cccfc02-e494-549e-8395-4ed78d44e20b
marketing,Marketing,MXBAI,8,0.7646,7cc8fd54-d188-53b7-89a4-b29b62c1676a
marketing,Marketing,MXBAI,9,0.7612,c6bf0d90-3654-5e85-92a3-2380d64ef3d4
marketing,Marketing,MXBAI,10,0.7485,17a01f4b-6bcb-51e7-bfcb-5ca4dd770992
marketing,Marketing,BM25Plus,1,64.3701,6765678c-41a0-56a8-8548-31483bd87485
marketing,Marketing,BM25Plus,2,62.5524,1140035a-4e42-55da-938f-033b4e86e025
marketing,Marketing,BM25Plus,3,62.2075,1cd6e386-998a-5ced-8f6c-763162f8ccf8
marketing,Marketing,BM25Plus,4,62.1146,334af0a0-832c-5b27-9291-6475d05c2ce6
marketing,Marketing,BM25Plus,5,61.9762,8dd53b87-afc4-5bed-886b-9b800cd4fbff
marketing,Marketing,BM25Plus,6,61.8257,afb824a0-8f65-59c0-bee9-b4e467d6f6f8
marketing,Marketing,BM25Plus,7,61.2065,3bc37d45-4a88-5004-8239-c4022aea4071
marketing,Marketing,BM25Plus,8,60.4056,976a5fb2-95cb-5c66-9701-ce99e1ee04ed
marketing,Marketing,BM25Plus,9,60.0259,8cccfc02-e494-549e-8395-4ed78d44e20b
marketing,Marketing,BM25Plus,10,59.9593,92897d5b-1518-58c3-9a72-cb14c7ce1ce0
sales_business_development,Sales / Business Development,BGE-M3,1,0.7354,f01713c7-497a-5c8d-8a0e-6981d1464d1b
sales_business_development,Sales / Business Development,BGE-M3,2,0.7314,352e5305-e8fc-5d66-8b61-61324b4ff8c2
sales_business_development,Sales / Business Development,BGE-M3,3,0.7255,71bf9270-736b-55f0-b687-67719f5be63e
sales_business_development,Sales / Business Development,BGE-M3,4,0.7241,d11b2a34-6dd2-57b7-b880-bd04930f0362
sales_business_development,Sales / Business Development,BGE-M3,5,0.7209,b63e421f-82b8-50f7-9317-62a4ce86d796
sales_business_development,Sales / Business Development,BGE-M3,6,0.7204,20d83024-5f31-5c49-92ca-865b39d079f5
sales_business_development,Sales / Business Development,BGE-M3,7,0.7181,d43590e8-533e-515f-8861-576672e130d8
sales_business_development,Sales / Business Development,BGE-M3,8,0.7144,761d2cf1-efbe-57a8-b3bc-db96537f3d0f
sales_business_development,Sales / Business Development,BGE-M3,9,0.7138,211e6885-275e-568b-8bfa-aa03a69598f1
sales_business_development,Sales / Business Development,BGE-M3,10,0.7138,e0c94846-3f8d-5739-a87b-e92765365668
sales_business_development,Sales / Business Development,multilingual-e5-large,1,0.884,759905f7-b243-51ba-bc46-b978ea51f8ca
sales_business_development,Sales / Business Development,multilingual-e5-large,2,0.88,f01713c7-497a-5c8d-8a0e-6981d1464d1b
sales_business_development,Sales / Business Development,multilingual-e5-large,3,0.8734,0c3de2e4-35a8-53a9-af98-c342e2c63241
sales_business_development,Sales / Business Development,multilingual-e5-large,4,0.8695,352e5305-e8fc-5d66-8b61-61324b4ff8c2
sales_business_development,Sales / Business Development,multilingual-e5-large,5,0.869,181e40f7-963c-54ed-8533-2a40308eacb1
sales_business_development,Sales / Business Development,multilingual-e5-large,6,0.8687,d487aa28-7b88-5163-ae5f-8dd8b40925c4
sales_business_development,Sales / Business Development,multilingual-e5-large,7,0.8657,761d2cf1-efbe-57a8-b3bc-db96537f3d0f
sales_business_development,Sales / Business Development,multilingual-e5-large,8,0.865,4a3c1ba1-7ea2-5d15-bacc-c5693ced2919
sales_business_development,Sales / Business Development,multilingual-e5-large,9,0.8644,d11b2a34-6dd2-57b7-b880-bd04930f0362
sales_business_development,Sales / Business Development,multilingual-e5-large,10,0.8629,286ff1f2-fef3-5334-8252-31b1c83a6994
sales_business_development,Sales / Business Development,MXBAI,1,0.8164,f01713c7-497a-5c8d-8a0e-6981d1464d1b
sales_business_development,Sales / Business Development,MXBAI,2,0.8154,0edc4ebb-152b-5956-88cc-7b01ab643215
sales_business_development,Sales / Business Development,MXBAI,3,0.7974,ab785d20-adc0-57d1-85a2-49db1d9ebdd6
sales_business_development,Sales / Business Development,MXBAI,4,0.7954,c22dce72-0f11-5fdd-872e-420728b409e3
sales_business_development,Sales / Business Development,MXBAI,5,0.7925,381e64e2-f765-5262-aadd-53747ac3e7f6
sales_business_development,Sales / Business Development,MXBAI,6,0.7871,cc2677fc-e7b5-53fe-aef1-e6b1c3cb27bc
sales_business_development,Sales / Business Development,MXBAI,7,0.7852,c22854b4-a08b-56ed-a498-73ae3dec63be
sales_business_development,Sales / Business Development,MXBAI,8,0.7832,6e60b8c6-219e-5214-9379-cbde08db27da
sales_business_development,Sales / Business Development,MXBAI,9,0.7812,0b37dd07-b737-5da5-ac90-6b749cf12261
sales_business_development,Sales / Business Development,MXBAI,10,0.7793,9751ab1b-eb55-5161-921d-7657b1073de7
sales_business_development,Sales / Business Development,BM25Plus,1,58.1777,622ef0dc-2b91-5b97-b061-9a13306a47f3
sales_business_development,Sales / Business Development,BM25Plus,2,58.0852,9b147687-fff6-5929-a10a-00c323ebfe92
sales_business_development,Sales / Business Development,BM25Plus,3,57.8948,f4eb5737-d3b6-55f9-9a68-69bcfc57e3c5
sales_business_development,Sales / Business Development,BM25Plus,4,56.5375,352e5305-e8fc-5d66-8b61-61324b4ff8c2
sales_business_development,Sales / Business Development,BM25Plus,5,54.546,d6d2cfac-f162-5c0a-94c9-87b95a622fe3
sales_business_development,Sales / Business Development,BM25Plus,6,53.6391,c43ec2be-2da7-58f3-bb31-b09b60c288d5
sales_business_development,Sales / Business Development,BM25Plus,7,53.223,92ad43c1-dfbc-592a-a036-39693bbecc79
sales_business_development,Sales / Business Development,BM25Plus,8,52.9326,b515e5e2-cc80-5723-93f5-bfca6e28ed59
sales_business_development,Sales / Business Development,BM25Plus,9,52.5415,7d12b68d-abce-54fa-898d-af5c41b9b52c
sales_business_development,Sales / Business Development,BM25Plus,10,52.4364,818619f0-69b7-5da8-8576-810658423109
ui_ux_design,UI / UX Design,BGE-M3,1,0.6676,9d53df79-5e4b-5beb-ab71-778c2b34928f
ui_ux_design,UI / UX Design,BGE-M3,2,0.6545,f29690b5-d489-5865-af34-2f4960871e41
ui_ux_design,UI / UX Design,BGE-M3,3,0.6519,ab609e55-d82c-5367-abec-b1a3d25b63c3
ui_ux_design,UI / UX Design,BGE-M3,4,0.649,aaf06007-3439-5ffa-a3fc-414a0f8511b6
ui_ux_design,UI / UX Design,BGE-M3,5,0.6356,cfc9ccf0-6526-56fc-9016-3b9ceb1dee94
ui_ux_design,UI / UX Design,BGE-M3,6,0.6347,ada22164-9cf6-514a-91b7-bd9b04998eef
ui_ux_design,UI / UX Design,BGE-M3,7,0.6111,e13a4f0b-7294-5b64-ba81-331e0a970601
ui_ux_design,UI / UX Design,BGE-M3,8,0.6103,efb376df-8004-5c3f-b82d-033ede8c6e09
ui_ux_design,UI / UX Design,BGE-M3,9,0.6098,be290e84-9cc9-5ff8-93d4-a468f6d29183
ui_ux_design,UI / UX Design,BGE-M3,10,0.6085,fc8d7972-1114-5e0a-a326-db24234220e1
ui_ux_design,UI / UX Design,multilingual-e5-large,1,0.8515,66d75c1f-5489-567a-9e93-d3c2219c4b37
ui_ux_design,UI / UX Design,multilingual-e5-large,2,0.85,9d53df79-5e4b-5beb-ab71-778c2b34928f
ui_ux_design,UI / UX Design,multilingual-e5-large,3,0.8476,fc8d7972-1114-5e0a-a326-db24234220e1
ui_ux_design,UI / UX Design,multilingual-e5-large,4,0.8462,848c5088-a304-528b-8648-6c453c746ae9
ui_ux_design,UI / UX Design,multilingual-e5-large,5,0.8442,f29690b5-d489-5865-af34-2f4960871e41
ui_ux_design,UI / UX Design,multilingual-e5-large,6,0.8434,72cc58e5-f2a3-5fd7-b5be-e8add381dbf7
ui_ux_design,UI / UX Design,multilingual-e5-large,7,0.8406,e2afef70-5b2d-5105-a9e0-c53d88798952
ui_ux_design,UI / UX Design,multilingual-e5-large,8,0.8404,b45cb192-4cc7-533b-a7ad-8e50f42cd3de
ui_ux_design,UI / UX Design,multilingual-e5-large,9,0.8398,efb376df-8004-5c3f-b82d-033ede8c6e09
ui_ux_design,UI / UX Design,multilingual-e5-large,10,0.8379,415ac34f-78de-50b1-9382-2c5fb0e4d116
ui_ux_design,UI / UX Design,MXBAI,1,0.7886,3dea3c92-f294-54cc-b35e-e329a997f556
ui_ux_design,UI / UX Design,MXBAI,2,0.7603,cfc9ccf0-6526-56fc-9016-3b9ceb1dee94
ui_ux_design,UI / UX Design,MXBAI,3,0.7432,848c5088-a304-528b-8648-6c453c746ae9
ui_ux_design,UI / UX Design,MXBAI,4,0.7422,f29690b5-d489-5865-af34-2f4960871e41
ui_ux_design,UI / UX Design,MXBAI,5,0.7388,ab609e55-d82c-5367-abec-b1a3d25b63c3
ui_ux_design,UI / UX Design,MXBAI,6,0.7271,e13a4f0b-7294-5b64-ba81-331e0a970601
ui_ux_design,UI / UX Design,MXBAI,7,0.7178,72cc58e5-f2a3-5fd7-b5be-e8add381dbf7
ui_ux_design,UI / UX Design,MXBAI,8,0.7124,9d53df79-5e4b-5beb-ab71-778c2b34928f
ui_ux_design,UI / UX Design,MXBAI,9,0.7109,b3df3f63-70e6-5835-b066-a16938ae81e1
ui_ux_design,UI / UX Design,MXBAI,10,0.708,9e700060-3fd7-5a1a-bac8-4c4b30865d56
ui_ux_design,UI / UX Design,BM25Plus,1,61.5453,be290e84-9cc9-5ff8-93d4-a468f6d29183
ui_ux_design,UI / UX Design,BM25Plus,2,61.0849,9e700060-3fd7-5a1a-bac8-4c4b30865d56
ui_ux_design,UI / UX Design,BM25Plus,3,60.5522,ada22164-9cf6-514a-91b7-bd9b04998eef
ui_ux_design,UI / UX Design,BM25Plus,4,57.9567,72cc58e5-f2a3-5fd7-b5be-e8add381dbf7
ui_ux_design,UI / UX Design,BM25Plus,5,56.6606,3780dc34-b78b-5e16-ba61-833331e0fb45
ui_ux_design,UI / UX Design,BM25Plus,6,56.4731,09c616a7-9f05-5d6e-8024-523a33c4c591
ui_ux_design,UI / UX Design,BM25Plus,7,56.0893,8e4ea5f0-7133-5b3a-9de2-00c8bfe71192
ui_ux_design,UI / UX Design,BM25Plus,8,56.068,1599b087-13c2-5cc3-b72e-d251a1c0d6c0
ui_ux_design,UI / UX Design,BM25Plus,9,55.9746,468f391c-5614-5f7c-8f45-e9b527ed0858
ui_ux_design,UI / UX Design,BM25Plus,10,55.5948,e9fb7121-11ac-50d4-9420-c845c1260c03
blockchain_fintech,Blockchain / Fintech,BGE-M3,1,0.7285,f2a67593-e988-5f41-999f-5f6194665e3f
blockchain_fintech,Blockchain / Fintech,BGE-M3,2,0.7177,ffd0a648-595c-5dc5-8df4-13000ac090d1
blockchain_fintech,Blockchain / Fintech,BGE-M3,3,0.7137,bfda3f84-6d85-518f-ae13-54b7c290167f
blockchain_fintech,Blockchain / Fintech,BGE-M3,4,0.698,41895a4c-bd7f-5f04-b9ab-dd1982b00ef4
blockchain_fintech,Blockchain / Fintech,BGE-M3,5,0.6975,80112651-1d05-531c-95c6-450948746c6e
blockchain_fintech,Blockchain / Fintech,BGE-M3,6,0.6964,6f7e5992-a36e-56db-bf1d-fcbd4d08c9fb
blockchain_fintech,Blockchain / Fintech,BGE-M3,7,0.6909,920a1196-3a91-55b7-9d24-5b96e1df55a2
blockchain_fintech,Blockchain / Fintech,BGE-M3,8,0.6903,5690b76a-cfb7-5d0f-ab85-e24fb171beb0
blockchain_fintech,Blockchain / Fintech,BGE-M3,9,0.6775,50bba16c-86e4-50ae-aa18-346e3e0de72e
blockchain_fintech,Blockchain / Fintech,BGE-M3,10,0.6751,6a3bfdfb-afeb-5e4e-9593-3727f7fb0a1b
blockchain_fintech,Blockchain / Fintech,multilingual-e5-large,1,0.8915,f2a67593-e988-5f41-999f-5f6194665e3f
blockchain_fintech,Blockchain / Fintech,multilingual-e5-large,2,0.8832,d0b6cfa3-c01b-5375-ab88-d4a7e63e31b9
blockchain_fintech,Blockchain / Fintech,multilingual-e5-large,3,0.8817,74c32d3c-1e3b-51b9-93de-b4437b8d2440
blockchain_fintech,Blockchain / Fintech,multilingual-e5-large,4,0.8802,7942c43d-0a17-5fd4-93ad-029044575ad9
blockchain_fintech,Blockchain / Fintech,multilingual-e5-large,5,0.8794,27aa65c5-ad50-5da8-860c-a670971ae949
blockchain_fintech,Blockchain / Fintech,multilingual-e5-large,6,0.8793,cedca5cd-c538-53a5-8f9f-26c6c6eb5c24
blockchain_fintech,Blockchain / Fintech,multilingual-e5-large,7,0.8768,80112651-1d05-531c-95c6-450948746c6e
blockchain_fintech,Blockchain / Fintech,multilingual-e5-large,8,0.8757,9a58f6a0-2fa7-5d08-b864-0de4c27c5b4b
blockchain_fintech,Blockchain / Fintech,multilingual-e5-large,9,0.8727,a73047e7-c9ef-5ea8-af52-456e9d8530e3
blockchain_fintech,Blockchain / Fintech,multilingual-e5-large,10,0.8723,914dff7b-91a8-5446-827b-fe66d9e6cf8a
blockchain_fintech,Blockchain / Fintech,MXBAI,1,0.7979,d75ae0ab-cb9f-53d6-a35b-550547bad897
blockchain_fintech,Blockchain / Fintech,MXBAI,2,0.7803,74c32d3c-1e3b-51b9-93de-b4437b8d2440
blockchain_fintech,Blockchain / Fintech,MXBAI,3,0.7734,0aaf6443-0168-524a-83b8-19c034036358
blockchain_fintech,Blockchain / Fintech,MXBAI,4,0.7705,e60f1893-098e-565a-939e-17ec84eda470
blockchain_fintech,Blockchain / Fintech,MXBAI,5,0.7695,c538f014-09a8-5110-b269-454303b1b5f2
blockchain_fintech,Blockchain / Fintech,MXBAI,6,0.7686,f1f298c8-3ab8-5603-aefa-48ec259d6e46
blockchain_fintech,Blockchain / Fintech,MXBAI,7,0.7676,f2a67593-e988-5f41-999f-5f6194665e3f
blockchain_fintech,Blockchain / Fintech,MXBAI,8,0.7622,cb43696b-2646-5987-b770-f2f395bf67c2
blockchain_fintech,Blockchain / Fintech,MXBAI,9,0.7622,37d7b4ab-0272-5dc6-9f7f-09012b902554
blockchain_fintech,Blockchain / Fintech,MXBAI,10,0.7612,5f592bfe-38ba-58bb-99b9-7a0a8cc2d86c
blockchain_fintech,Blockchain / Fintech,BM25Plus,1,64.1436,766a92d2-abe4-5543-8db8-2f6cc01753e6
blockchain_fintech,Blockchain / Fintech,BM25Plus,2,61.5705,d3d37786-d3f8-555e-8986-a05eeb49197d
blockchain_fintech,Blockchain / Fintech,BM25Plus,3,60.0597,a643c23a-0794-5137-b616-4f6e1ef1ec6c
blockchain_fintech,Blockchain / Fintech,BM25Plus,4,59.6308,d75ae0ab-cb9f-53d6-a35b-550547bad897
blockchain_fintech,Blockchain / Fintech,BM25Plus,5,58.0852,167eb907-1a48-5e5e-af13-522152cb2ab4
blockchain_fintech,Blockchain / Fintech,BM25Plus,6,56.665,002915a4-84db-5402-ad12-63e127e790ce
blockchain_fintech,Blockchain / Fintech,BM25Plus,7,56.5562,1fc72aa1-1c98-5195-8e12-928ec2005fe2
blockchain_fintech,Blockchain / Fintech,BM25Plus,8,56.51,f1f298c8-3ab8-5603-aefa-48ec259d6e46
blockchain_fintech,Blockchain / Fintech,BM25Plus,9,55.5432,6a6dab1c-38b8-5b96-9d13-4f8407301a13
blockchain_fintech,Blockchain / Fintech,BM25Plus,10,55.4307,c538f014-09a8-5110-b269-454303b1b5f2
operations_management,Operations Management,BGE-M3,1,0.7359,55f0c0cb-bb7c-5780-b116-61545b2b08c7
operations_management,Operations Management,BGE-M3,2,0.7182,0f3c7c0c-adf0-57de-b776-bf05ce8b7935
operations_management,Operations Management,BGE-M3,3,0.6994,042c5d8a-0c34-57a8-9900-915911480765
operations_management,Operations Management,BGE-M3,4,0.6816,202ce274-2240-5f75-9cfc-7a52c3b21862
operations_management,Operations Management,BGE-M3,5,0.6753,3bf2a132-ba27-5747-87a8-0af88543b8b0
operations_management,Operations Management,BGE-M3,6,0.6751,ea4e231f-eb2f-5dec-aca2-e041bda4c9da
operations_management,Operations Management,BGE-M3,7,0.6745,ac313d14-430d-5867-9b02-6f53a037b5ff
operations_management,Operations Management,BGE-M3,8,0.6716,9ccc1164-8891-511c-a9be-ea00c3a9c3c7
operations_management,Operations Management,BGE-M3,9,0.6697,5c3a988d-1d07-5db1-b900-fa6f37157790
operations_management,Operations Management,BGE-M3,10,0.669,8d3e5e71-0504-5fe5-bcc2-4b66211d9ea2
operations_management,Operations Management,multilingual-e5-large,1,0.8554,9b74e46e-2df7-5a8b-8225-86c0aeda7ce5
operations_management,Operations Management,multilingual-e5-large,2,0.8541,55f0c0cb-bb7c-5780-b116-61545b2b08c7
operations_management,Operations Management,multilingual-e5-large,3,0.8522,0f3c7c0c-adf0-57de-b776-bf05ce8b7935
operations_management,Operations Management,multilingual-e5-large,4,0.8456,3af2ba1c-3830-5653-a536-617df740ba5b
operations_management,Operations Management,multilingual-e5-large,5,0.8448,44f33b30-1004-5bc9-80fd-93a768c2c1da
operations_management,Operations Management,multilingual-e5-large,6,0.8443,07659a0d-a483-515b-baf0-ef75b96cda01
operations_management,Operations Management,multilingual-e5-large,7,0.8433,bf3b8f1b-30a1-5566-a0a2-4f98dada5dde
operations_management,Operations Management,multilingual-e5-large,8,0.841,b382dbdf-d5d4-5221-a694-dddd5ae268f7
operations_management,Operations Management,multilingual-e5-large,9,0.8408,64813e1f-0d08-501d-99d2-574a5784f270
operations_management,Operations Management,multilingual-e5-large,10,0.8402,1e6b9682-0a08-5ecb-b5a7-004e184d37fb
operations_management,Operations Management,MXBAI,1,0.7515,b4d5e6d4-370d-56f6-a770-2aacb027fc07
operations_management,Operations Management,MXBAI,2,0.7461,3af2ba1c-3830-5653-a536-617df740ba5b
operations_management,Operations Management,MXBAI,3,0.7437,ac8357cd-34ac-5a32-99e1-9e68c10f2e0d
operations_management,Operations Management,MXBAI,4,0.7388,8d3e5e71-0504-5fe5-bcc2-4b66211d9ea2
operations_management,Operations Management,MXBAI,5,0.7354,55f0c0cb-bb7c-5780-b116-61545b2b08c7
operations_management,Operations Management,MXBAI,6,0.731,c9420f55-cdea-5eea-981b-356d21b92eb9
operations_management,Operations Management,MXBAI,7,0.73,929babbe-13c9-520e-a25f-eee03c6ea6b8
operations_management,Operations Management,MXBAI,8,0.7285,11fc5207-4210-5e26-b71f-48653554deff
operations_management,Operations Management,MXBAI,9,0.7241,a95e4568-53e9-5a5f-a3e8-a095fc6f6b2b
operations_management,Operations Management,MXBAI,10,0.7236,5deb32d8-0d42-5f3c-be40-2d0e5e9645e9
operations_management,Operations Management,BM25Plus,1,58.8147,5badfca7-3e3c-59da-b804-f6a2d8d22b44
operations_management,Operations Management,BM25Plus,2,57.9208,43067145-3ccb-5767-9685-51a4927d5dfd
operations_management,Operations Management,BM25Plus,3,57.6954,3a524296-a4a9-5c81-b405-6474978fc981
operations_management,Operations Management,BM25Plus,4,57.6652,bc575585-acd2-54be-9f0b-0c962cd067ac
operations_management,Operations Management,BM25Plus,5,57.6617,5de8ba40-ead3-5be2-9e4f-ccb249ad870b
operations_management,Operations Management,BM25Plus,6,56.5979,dad83807-664b-5ed4-8339-5e3d8223e658
operations_management,Operations Management,BM25Plus,7,56.4098,ac8357cd-34ac-5a32-99e1-9e68c10f2e0d
operations_management,Operations Management,BM25Plus,8,56.3572,c9420f55-cdea-5eea-981b-356d21b92eb9
operations_management,Operations Management,BM25Plus,9,55.7042,13f9e2e1-f8eb-555b-a124-78759bd0f646
operations_management,Operations Management,BM25Plus,10,55.4465,7aad0424-a383-54ed-b145-b134eca76494
soft_skills_multilingual,Soft Skills,BGE-M3,1,0.6783,44db329c-1486-56a8-8560-ad42e4c3bdc3
soft_skills_multilingual,Soft Skills,BGE-M3,2,0.6637,b8e3f048-d885-5aeb-a579-6dd0798d8e85
soft_skills_multilingual,Soft Skills,BGE-M3,3,0.6477,02d65c99-ec80-59ba-8d8e-003457fd260d
soft_skills_multilingual,Soft Skills,BGE-M3,4,0.6452,63c8ca76-3c7c-5c2e-b954-830eba0263cf
soft_skills_multilingual,Soft Skills,BGE-M3,5,0.6443,0581ad3e-4372-55fa-90aa-56d0c01128a6
soft_skills_multilingual,Soft Skills,BGE-M3,6,0.6438,1e22c63e-f737-5e2e-a4c3-06116a029748
soft_skills_multilingual,Soft Skills,BGE-M3,7,0.6408,d46defeb-bccb-5590-aa17-e0b4f96e56f7
soft_skills_multilingual,Soft Skills,BGE-M3,8,0.6392,503cf448-006b-53de-bab5-6a9b02b9e628
soft_skills_multilingual,Soft Skills,BGE-M3,9,0.6371,544c87c8-8c21-5717-bc28-4bffd016412e
soft_skills_multilingual,Soft Skills,BGE-M3,10,0.6351,d108b960-e867-5fa2-9d3f-c05ddaeb1b71
soft_skills_multilingual,Soft Skills,multilingual-e5-large,1,0.8518,5ebe0af4-e8bb-53da-96f2-dccf4e3a3175
soft_skills_multilingual,Soft Skills,multilingual-e5-large,2,0.8491,df444719-64dc-5133-9c6b-23ae3495a80d
soft_skills_multilingual,Soft Skills,multilingual-e5-large,3,0.8457,44db329c-1486-56a8-8560-ad42e4c3bdc3
soft_skills_multilingual,Soft Skills,multilingual-e5-large,4,0.8456,0577e27b-9e67-5299-a767-b13ecdcd00a9
soft_skills_multilingual,Soft Skills,multilingual-e5-large,5,0.8428,9ff429aa-b40b-5e12-841c-b30136adbd39
soft_skills_multilingual,Soft Skills,multilingual-e5-large,6,0.8422,383c1a25-5662-5d5f-a889-4521bff80698
soft_skills_multilingual,Soft Skills,multilingual-e5-large,7,0.8402,b8e3f048-d885-5aeb-a579-6dd0798d8e85
soft_skills_multilingual,Soft Skills,multilingual-e5-large,8,0.8388,bace89be-1a2f-5884-86ef-d09ccae12f09
soft_skills_multilingual,Soft Skills,multilingual-e5-large,9,0.8385,d46defeb-bccb-5590-aa17-e0b4f96e56f7
soft_skills_multilingual,Soft Skills,multilingual-e5-large,10,0.8384,85e228ee-508b-5707-8579-83bc82515f47
soft_skills_multilingual,Soft Skills,MXBAI,1,0.7329,44db329c-1486-56a8-8560-ad42e4c3bdc3
soft_skills_multilingual,Soft Skills,MXBAI,2,0.7295,b8e3f048-d885-5aeb-a579-6dd0798d8e85
soft_skills_multilingual,Soft Skills,MXBAI,3,0.7275,d4dea040-f7c6-55cb-b7f6-c95eec7d21f7
soft_skills_multilingual,Soft Skills,MXBAI,4,0.7168,df444719-64dc-5133-9c6b-23ae3495a80d
soft_skills_multilingual,Soft Skills,MXBAI,5,0.7139,d90e2af0-600d-5f66-a172-2e9611d14b66
soft_skills_multilingual,Soft Skills,MXBAI,6,0.7129,9ff429aa-b40b-5e12-841c-b30136adbd39
soft_skills_multilingual,Soft Skills,MXBAI,7,0.7109,c7c4f900-bbf4-5729-ab19-b7b5421ece3a
soft_skills_multilingual,Soft Skills,MXBAI,8,0.7104,b6ec2563-3561-517f-8924-b6a1d5686fdb
soft_skills_multilingual,Soft Skills,MXBAI,9,0.708,86ea32b6-66ca-5a9d-9d74-207cc93d9c6a
soft_skills_multilingual,Soft Skills,MXBAI,10,0.7075,3bd1641e-1fac-5a1e-a6c1-19d086c19159
soft_skills_multilingual,Soft Skills,BM25Plus,1,70.8293,60502ffa-5a7b-59ff-a5ca-dc1a547bbcba
soft_skills_multilingual,Soft Skills,BM25Plus,2,69.4435,1994b3cd-3097-5f43-b515-9659924c861c
soft_skills_multilingual,Soft Skills,BM25Plus,3,68.6225,a2dfb946-a135-5a73-a905-c60a5adfe73e
soft_skills_multilingual,Soft Skills,BM25Plus,4,67.4231,37c742b2-f779-51a8-ad9b-eae6d9220a07
soft_skills_multilingual,Soft Skills,BM25Plus,5,66.9,57ba9cfe-eba0-5130-ad3e-731dcbf15b33
soft_skills_multilingual,Soft Skills,BM25Plus,6,66.3837,f7e064df-d90d-5fba-b7f9-439a3f6d6459
soft_skills_multilingual,Soft Skills,BM25Plus,7,66.3817,b6ec2563-3561-517f-8924-b6a1d5686fdb
soft_skills_multilingual,Soft Skills,BM25Plus,8,66.3476,91cbf3a4-b10b-5dea-bb6b-a5a3dadd5abe
soft_skills_multilingual,Soft Skills,BM25Plus,9,65.8606,503cf448-006b-53de-bab5-6a9b02b9e628
soft_skills_multilingual,Soft Skills,BM25Plus,10,65.8497,b8e3f048-d885-5aeb-a579-6dd0798d8e85
soft_skills_leadership,Soft Skills,BGE-M3,1,0.6467,7d56b25c-b0f3-539f-afff-96fc4921a89a
soft_skills_leadership,Soft Skills,BGE-M3,2,0.6364,e220019a-c56f-54bf-b196-83b550a5167b
soft_skills_leadership,Soft Skills,BGE-M3,3,0.6219,50548220-37e6-592f-b241-3e0225dd0e55
soft_skills_leadership,Soft Skills,BGE-M3,4,0.6186,181f8ef5-986d-56d4-b67e-8dfa0fe2fe52
soft_skills_leadership,Soft Skills,BGE-M3,5,0.6171,01289612-b71c-53e0-832e-3fe95274ed63
soft_skills_leadership,Soft Skills,BGE-M3,6,0.6169,613be193-55d0-508c-bc41-ddec6fb09322
soft_skills_leadership,Soft Skills,BGE-M3,7,0.6152,78f3144f-05f2-5ec8-941f-a6d276a7dc05
soft_skills_leadership,Soft Skills,BGE-M3,8,0.6122,b6d6be94-0aea-55ce-8bf7-3c592d7bbaaa
soft_skills_leadership,Soft Skills,BGE-M3,9,0.6119,9751ab1b-eb55-5161-921d-7657b1073de7
soft_skills_leadership,Soft Skills,BGE-M3,10,0.6115,28065733-f701-5a26-8b26-f702c69869a8
soft_skills_leadership,Soft Skills,multilingual-e5-large,1,0.8272,8e37b37d-5fee-5ef4-aecf-bbef6b6cc578
soft_skills_leadership,Soft Skills,multilingual-e5-large,2,0.8235,ca72bde0-03c4-5480-8198-0e70c12cfdb4
soft_skills_leadership,Soft Skills,multilingual-e5-large,3,0.8195,468554e6-7709-5d95-bbbd-5c0a5a47b3cd
soft_skills_leadership,Soft Skills,multilingual-e5-large,4,0.8169,448f18fc-3076-5f9e-afff-2d05221fecd7
soft_skills_leadership,Soft Skills,multilingual-e5-large,5,0.8154,56e499ee-93a5-5f6d-b75d-6ff6fd88a2bb
soft_skills_leadership,Soft Skills,multilingual-e5-large,6,0.8126,ab540a6b-0586-539d-ad1d-4a9f3a0b1881
soft_skills_leadership,Soft Skills,multilingual-e5-large,7,0.8122,3f7f162a-cc90-52f7-85c4-be3e49496f73
soft_skills_leadership,Soft Skills,multilingual-e5-large,8,0.8121,a95e4568-53e9-5a5f-a3e8-a095fc6f6b2b
soft_skills_leadership,Soft Skills,multilingual-e5-large,9,0.8119,18f97784-754e-508b-932f-0a96f247625e
soft_skills_leadership,Soft Skills,multilingual-e5-large,10,0.8117,0ec7f360-818c-5872-bea7-7053acfd7fbb
soft_skills_leadership,Soft Skills,MXBAI,1,0.7114,7f707559-5d8d-5614-9bee-9569851d29f7
soft_skills_leadership,Soft Skills,MXBAI,2,0.7017,523b7175-149f-5d0e-88b6-fce485fbf52a
soft_skills_leadership,Soft Skills,MXBAI,3,0.6958,a0b33f04-1687-5bab-bb27-eb103b852224
soft_skills_leadership,Soft Skills,MXBAI,4,0.6943,37c742b2-f779-51a8-ad9b-eae6d9220a07
soft_skills_leadership,Soft Skills,MXBAI,5,0.6899,1cd11379-a90d-510a-a50e-16c20b15a808
soft_skills_leadership,Soft Skills,MXBAI,6,0.6846,84a75bdb-5ab2-5445-afed-071ca3f8fd0e
soft_skills_leadership,Soft Skills,MXBAI,7,0.6836,5bf8b01e-0c9e-59c3-8bbd-4fc9286e6eef
soft_skills_leadership,Soft Skills,MXBAI,8,0.6821,0d8e9c71-670d-5dd8-9a57-3b24d7bc3608
soft_skills_leadership,Soft Skills,MXBAI,9,0.6812,6d4971e7-1437-5a17-bd05-97cb6972ee13
soft_skills_leadership,Soft Skills,MXBAI,10,0.6812,bfa6eb31-0153-53b8-ae9e-9ce4336a2346
soft_skills_leadership,Soft Skills,BM25Plus,1,50.1931,674c3549-1072-5a31-bb4c-4003386c73d4
soft_skills_leadership,Soft Skills,BM25Plus,2,49.6606,a2b9f4e2-f9cd-5612-ab4a-ed0a49ead01f
soft_skills_leadership,Soft Skills,BM25Plus,3,49.3431,5df4510d-0809-55ab-9989-0d289ba2a180
soft_skills_leadership,Soft Skills,BM25Plus,4,48.2952,5bf8b01e-0c9e-59c3-8bbd-4fc9286e6eef
soft_skills_leadership,Soft Skills,BM25Plus,5,48.1877,acf9f42a-bf0b-5cf3-a894-328694b79e41
soft_skills_leadership,Soft Skills,BM25Plus,6,47.8405,a0e7c6e6-3396-58d9-aacc-8b60f51f7ae1
soft_skills_leadership,Soft Skills,BM25Plus,7,47.836,8872b2d8-2be7-50c7-b855-179b1baf5a15
soft_skills_leadership,Soft Skills,BM25Plus,8,47.7614,ae301c83-317d-5c1a-aa53-1610b70a3372
soft_skills_leadership,Soft Skills,BM25Plus,9,47.595,01289612-b71c-53e0-832e-3fe95274ed63
soft_skills_leadership,Soft Skills,BM25Plus,10,47.1888,b88a7daa-6ba3-533b-979b-5cfba926e000
junior_trainee_queries,Junior / Entry-level,BGE-M3,1,0.6665,eb1d8ef0-c4dc-5660-b0b9-da6585fcc33f
junior_trainee_queries,Junior / Entry-level,BGE-M3,2,0.6568,4a658a4e-82fe-53bf-ab90-767c27de88af
junior_trainee_queries,Junior / Entry-level,BGE-M3,3,0.6519,71d51c86-6d95-5b26-a1b0-66a7086cd909
junior_trainee_queries,Junior / Entry-level,BGE-M3,4,0.6481,02bf08ad-a1b4-565d-83b7-6a8ff142ad08
junior_trainee_queries,Junior / Entry-level,BGE-M3,5,0.6424,47d41e50-d476-5449-adc3-718c29ea5500
junior_trainee_queries,Junior / Entry-level,BGE-M3,6,0.6424,2b8c06ad-e00d-5193-a006-2f9bf60a82f6
junior_trainee_queries,Junior / Entry-level,BGE-M3,7,0.6407,2263862e-b711-556a-9e35-71f787667cd0
junior_trainee_queries,Junior / Entry-level,BGE-M3,8,0.6365,020936d6-b060-5886-86a6-c40626063b09
junior_trainee_queries,Junior / Entry-level,BGE-M3,9,0.6344,c0fb90f8-0b4d-5376-95c9-fce674741727
junior_trainee_queries,Junior / Entry-level,BGE-M3,10,0.6307,9cec41d8-6739-55ec-98ad-6e8e18c84b5f
junior_trainee_queries,Junior / Entry-level,multilingual-e5-large,1,0.8494,4a658a4e-82fe-53bf-ab90-767c27de88af
junior_trainee_queries,Junior / Entry-level,multilingual-e5-large,2,0.8388,02bf08ad-a1b4-565d-83b7-6a8ff142ad08
junior_trainee_queries,Junior / Entry-level,multilingual-e5-large,3,0.8375,1766dbe7-92e0-5821-a08d-713cd9721b1f
junior_trainee_queries,Junior / Entry-level,multilingual-e5-large,4,0.8374,d43ca241-0671-50b3-bb97-27c02811bfd7
junior_trainee_queries,Junior / Entry-level,multilingual-e5-large,5,0.8369,793cac3c-c959-5a5b-b5e9-56fba57f32e7
junior_trainee_queries,Junior / Entry-level,multilingual-e5-large,6,0.8363,66da2e09-b6e0-5b52-9c7a-7b2423abf0d1
junior_trainee_queries,Junior / Entry-level,multilingual-e5-large,7,0.836,47d41e50-d476-5449-adc3-718c29ea5500
junior_trainee_queries,Junior / Entry-level,multilingual-e5-large,8,0.836,922f8fbd-6814-529e-8e34-8343a4c452a2
junior_trainee_queries,Junior / Entry-level,multilingual-e5-large,9,0.835,3cb1889d-97b4-57a4-9e0e-6239b9f00501
junior_trainee_queries,Junior / Entry-level,multilingual-e5-large,10,0.8345,5d729382-3726-5b15-8122-a948647020fe
junior_trainee_queries,Junior / Entry-level,MXBAI,1,0.7256,4a658a4e-82fe-53bf-ab90-767c27de88af
junior_trainee_queries,Junior / Entry-level,MXBAI,2,0.7246,793cac3c-c959-5a5b-b5e9-56fba57f32e7
junior_trainee_queries,Junior / Entry-level,MXBAI,3,0.7104,5d729382-3726-5b15-8122-a948647020fe
junior_trainee_queries,Junior / Entry-level,MXBAI,4,0.709,9a44981f-455e-539e-8dad-eeb479500729
junior_trainee_queries,Junior / Entry-level,MXBAI,5,0.7031,2e5963f6-fcfa-52d1-8bfa-5de99aa79c02
junior_trainee_queries,Junior / Entry-level,MXBAI,6,0.7007,5c6aa5f9-84da-5072-a31c-89067ee04078
junior_trainee_queries,Junior / Entry-level,MXBAI,7,0.6963,f93bcb77-b568-5f92-9a92-4ae4537fb8c0
junior_trainee_queries,Junior / Entry-level,MXBAI,8,0.6938,8b63304c-b662-5f2b-a138-27d4e577ebd0
junior_trainee_queries,Junior / Entry-level,MXBAI,9,0.6914,9996a7e9-bdb2-5f04-96e1-1377e66e1c14
junior_trainee_queries,Junior / Entry-level,MXBAI,10,0.6904,1a528472-5088-5a81-ba63-3f857f6b3050
junior_trainee_queries,Junior / Entry-level,BM25Plus,1,62.7386,246ca86d-3abc-512a-b387-cb66525b827a
junior_trainee_queries,Junior / Entry-level,BM25Plus,2,62.7068,715d5eb3-9c96-5e9b-9fea-21af6e23a4a5
junior_trainee_queries,Junior / Entry-level,BM25Plus,3,62.6992,d6bff05c-89d2-5dc6-9496-46b1f410eb6b
junior_trainee_queries,Junior / Entry-level,BM25Plus,4,62.5667,78f4c6a9-bb41-5dfd-9f03-a2d584e438c3
junior_trainee_queries,Junior / Entry-level,BM25Plus,5,62.3632,2a3b2c2a-f2a0-5e09-b6fd-3833adc79f1d
junior_trainee_queries,Junior / Entry-level,BM25Plus,6,60.6543,cdde1c5d-5396-5ece-8a27-bc1e265db1f6
junior_trainee_queries,Junior / Entry-level,BM25Plus,7,59.2056,4b564e43-65cb-5a97-977b-2c3e31fc5b5d
junior_trainee_queries,Junior / Entry-level,BM25Plus,8,58.5602,1ae19f61-811f-56be-9324-6b7d33b8f897
junior_trainee_queries,Junior / Entry-level,BM25Plus,9,58.5061,557361da-c21a-5ef4-b859-5450458323a5
junior_trainee_queries,Junior / Entry-level,BM25Plus,10,57.7621,84d4de30-ed85-5db6-ab03-139159a1e355
